[
  {
    "model": "problems.submission",
    "pk": 1,
    "fields": {
      "submitted_time": "2020-05-16T16:10:00+00:00",
      "participant": 1,
      "problem": 1,
      "code": "7learn.com",
      "score": "80"
    }
  },
  {
    "model": "problems.submission",
    "pk": 2,
    "fields": {
      "submitted_time": "2020-05-16T16:20:00+00:00",
      "participant": 1,
      "problem": 1,
      "code": "7learn.com",
      "score": "100"
    }
  },
  {
    "model": "problems.submission",
    "pk": 3,
    "fields": {
      "submitted_time": "2020-05-16T16:40:00+00:00",
      "participant": 1,
      "problem": 2,
      "code": "7learn.com",
      "score": "150"
    }
  },
  {
    "model": "problems.submission",
    "pk": 4,
    "fields": {
      "submitted_time": "2020-05-16T17:05:00+00:00",
      "participant": 1,
      "problem": 2,
      "code": "7learn.com",
      "score": "200"
    }
  },
  {
    "model": "problems.submission",
    "pk": 5,
    "fields": {
      "submitted_time": "2020-05-16T17:35:00+00:00",
      "participant": 1,
      "problem": 3,
      "code": "7learn.com",
      "score": "220"
    }
  },
  {
    "model": "problems.submission",
    "pk": 6,
    "fields": {
      "submitted_time": "2020-05-16T17:50:00+00:00",
      "participant": 1,
      "problem": 3,
      "code": "7learn.com",
      "score": "300"
    }
  },
  {
    "model": "problems.submission",
    "pk": 7,
    "fields": {
      "submitted_time": "2020-05-16T16:05:00+00:00",
      "participant": 2,
      "problem": 1,
      "code": "7learn.com",
      "score": "50"
    }
  },
  {
    "model": "problems.submission",
    "pk": 8,
    "fields": {
      "submitted_time": "2020-05-16T16:25:00+00:00",
      "participant": 2,
      "problem": 1,
      "code": "7learn.com",
      "score": "80"
    }
  },
  {
    "model": "problems.submission",
    "pk": 9,
    "fields": {
      "submitted_time": "2020-05-16T16:45:00+00:00",
      "participant": 2,
      "problem": 1,
      "code": "7learn.com",
      "score": "100"
    }
  },
  {
    "model": "problems.submission",
    "pk": 10,
    "fields": {
      "submitted_time": "2020-05-16T17:00:00+00:00",
      "participant": 2,
      "problem": 2,
      "code": "7learn.com",
      "score": "50"
    }
  },
  {
    "model": "problems.submission",
    "pk": 11,
    "fields": {
      "submitted_time": "2020-05-16T17:30:00+00:00",
      "participant": 2,
      "problem": 2,
      "code": "7learn.com",
      "score": "100"
    }
  },
  {
    "model": "problems.submission",
    "pk": 12,
    "fields": {
      "submitted_time": "2020-05-16T17:55:00+00:00",
      "participant": 2,
      "problem": 2,
      "code": "7learn.com",
      "score": "120"
    }
  },
  {
    "model": "problems.submission",
    "pk": 13,
    "fields": {
      "submitted_time": "2020-05-16T16:15:00+00:00",
      "participant": 3,
      "problem": 1,
      "code": "7learn.com",
      "score": "100"
    }
  },
  {
    "model": "problems.submission",
    "pk": 14,
    "fields": {
      "submitted_time": "2020-05-16T17:10:00+00:00",
      "participant": 3,
      "problem": 2,
      "code": "7learn.com",
      "score": "200"
    }
  },
  {
    "model": "problems.submission",
    "pk": 15,
    "fields": {
      "submitted_time": "2020-05-16T17:30:00+00:00",
      "participant": 3,
      "problem": 3,
      "code": "7learn.com",
      "score": "100"
    }
  },
  {
    "model": "problems.submission",
    "pk": 16,
    "fields": {
      "submitted_time": "2020-05-16T17:45:00+00:00",
      "participant": 3,
      "problem": 3,
      "code": "7learn.com",
      "score": "240"
    }
  }
]